from,to
ACCAACAT,A01
CGACATAA,A02
CCCGTAAA,A03
GCCTGGGA,A04
CGTATCTC,A05
CGGGACTC,A06
TTTTGATG,A07
CTCTCGTC,A08
CTTAATCT,A09
CGCCAGCA,A10
AAAGCAAG,A11
GTAGAGTT,A12
GTAGTCTA,A13
ACGCTGCC,A14
TGCCGGTC,A15
GCTTGATT,A16
GTATCTCC,A17
CAAAGTGA,A18
CGGAAG,A19
GCAGAG,A20
TCGTGG,A21
CTCGAGAT,A22
AAGCCAGA,A23
TTAGACAA,A24
GAATTCGA,A25
TGATAGTT,PuroR1
TGTGAGAG,PuroR2
TCCATAGT,PuroR3
GGATGAGG,MCP_MUTATION1
ACGCCTCG,MCP_MUTATION2
GGATTGTG,MCP_MUTATION3
TAGGTCCA,SUPERNATANT1
TCAGTCGT,SUPERNATANT2
AACGGATT,SUPERNATANT3
