BC1,DNA seq,AA sequence
A01,GTACGGTCGGGTGGCTCTGGATCAAGGCGGCTTTCTACTGCCCCGCCAACCGATGTTTCTTTGGGTGATGAGTTGCATTTGGACGGGGAGGACGTCGCGATGGCGCACGCTGACGCCCTCGACGACTTCGATCTTGATATGCTTGGCGACGGGGATTCCCCCGGCCCTGGGTTCACTCCCCATGATTCAGCGCCTTATGGGGCGCTGGATATGGCGGACTTCGAGTTCGAACAAATGTTTACGGATGCCCTCGGTATCGATGAATACGGAGGGTCCGGGTCCGAAACTCCAGGAACTTCTGAGTCTGCGACTCCCGAATCAAGACGATTGAGTACGGCGCCGCCCACAGATGTCAGCCTCGGGGATGAACTTCATCTTGACGGCGAAGATGTAGCTATGGCGCATGCTGATGCTCTGGACGACTTTGATTTGGATATGCTCGGTGACGGCGATTCCCCCGGACCGGGATTTACCCCGCACGACTCTGCTCCCTATGGGGCGCTGGACATGGCAGACTTCGAATTTGAACAGATGTTCACCGACGCTCTTGGGATAGATGAGTATGGTGGAGGT,VRSGGSGSRRLSTAPPTDVSLGDELHLDGEDVAMAHADALDDFDLDMLGDGDSPGPGFTPHDSAPYGALDMADFEFEQMFTDALGIDEYGGSGSETPGTSESATPESRRLSTAPPTDVSLGDELHLDGEDVAMAHADALDDFDLDMLGDGDSPGPGFTPHDSAPYGALDMADFEFEQMFTDALGIDEYGGG
A02,GTACGGTCGGGTGGCTCTGGATCACGACGACGAAGCACAGTGCCGAGGACCGATGTGTCACTGGGGGATGAATTGTGTCTGGATGCGTCCCCGTCCATGACCCCTAGTGAGGCTCTCGACGATTTTGACCTTACGCTGCTTGGAGACGATGATCACGCGGGAACTCTCGACGCCGCCGCATATGCTTCCCTCGATATGGCGGACTTTGAGTTCGAACAGATGTTCACAGACGCCCTTGGGATAGATGAATTTGGGGGGTCTGGGTCTGAAACTCCTGGCACTTCCGAGTCTGCCACGCCCGAGTCTCGCAGACGAAGTACGGTACCTAGAACAGACGTGTCTCTTGGCGATGAGTTGTGCCTGGACGCGTCACCTTCAATGACGCCAAGTGAAGCCCTGGATGACTTCGACTTGACGCTTTTGGGGGACGACGATCATGCCGGGACGCTGGACGCCGCTGCATATGCGTCTCTTGATATGGCTGACTTCGAGTTCGAGCAGATGTTCACTGATGCTCTCGGTATAGATGAGTTCGGTGGTGGT,VRSGGSGSRRRSTVPRTDVSLGDELCLDASPSMTPSEALDDFDLTLLGDDDHAGTLDAAAYASLDMADFEFEQMFTDALGIDEFGGSGSETPGTSESATPESRRRSTVPRTDVSLGDELCLDASPSMTPSEALDDFDLTLLGDDDHAGTLDAAAYASLDMADFEFEQMFTDALGIDEFGGG
A03,GTACGGTCGGGTGGCTCTGGATCACTCAAGAGTGACTCTGACAATAATAATTCCGATGATTGCGGAAACATTCTCCCTGCTGACATCATGGACTTCGTACTCAAGAATACTCCTAGCATGCAAGCCCTGGGTGAATCTCCAGAGTCCTCAAGTTCTGAGCTGTTGAACCTTGGGGAAGGACTCGGTCTCGAGAGCCTTCAAGCCGAATTTCAGCACACAGGTGGTAGGTACGAGGCAGCCGCAAAGGAAGCAGCTGCAAAATTGAAAAGCGATAGTGACAATAATAATAGTGATGATTGCGGTAACATTTTGCCAGCAGACATTATGGACTTTGTCCTGAAAAATACCCCGAGTATGCAGGCCCTGGGAGAAAGCCCCGAATCTAGCAGTTCCGAATTGTTGAACCTCGGAGAGGGTCTTGGACTGGAGTCCCTCCAGGCGGAATTTCAACATACGGGCGGACGATATGAAGCGGCAGCTAAAGAAGCAGCTGCCAAGTTGAAATCAGACAGTGATAATAATAACAGCGATGACTGCGGGAACATCTTGCCTGCCGACATTATGGATTTTGTCCTCAAAAACACCCCATCTATGCAGGCCTTGGGAGAATCTCCAGAGAGTTCCTCCTCAGAACTTTTGAATCTGGGAGAGGGCCTCGGGCTTGAGAGTCTGCAGGCTGAATTTCAACACACTGGCGGTAGGTATGGT,VRSGGSGSLKSDSDNNNSDDCGNILPADIMDFVLKNTPSMQALGESPESSSSELLNLGEGLGLESLQAEFQHTGGRYEAAAKEAAAKLKSDSDNNNSDDCGNILPADIMDFVLKNTPSMQALGESPESSSSELLNLGEGLGLESLQAEFQHTGGRYEAAAKEAAAKLKSDSDNNNSDDCGNILPADIMDFVLKNTPSMQALGESPESSSSELLNLGEGLGLESLQAEFQHTGGRYG
A04,GTACGGTCGGGTGGCTCTGGATCAGAAGGAATCAGTACCGATCAACAACCGTCTACATCTAGTGGCGATCCGGTCGCGTTGATCTCCGGACCCTGTGGACCTCACTCTATCCAACCACCGGGTTGCATTCTCCAAGAACTTCCAAAACCCGAAGTCGGAACCTCAGAGATGGCCGTGGCGATGAGCGGGGGACCCTTTTGGGAAGAAGTCTATGGAGATTCCATATTTGGGGCACCCTTTGGCACCTCAGATGATCAACTCCTCAGTCAGTTTGATGGT,VRSGGSGSEGISTDQQPSTSSGDPVALISGPCGPHSIQPPGCILQELPKPEVGTSEMAVAMSGGPFWEEVYGDSIFGAPFGTSDDQLLSQFDG
A05,GTACGGTCGGGTGGCTCTGGATCAGAGGCCAGCGGCTCAGGGAGGGCAGACGCACTGGATGACTTCGATTTGGAAATGTTTGGATCCGCCGATGCACTCGACGATTTTGACCTTGAAATGTTCGGCTCCGCCGACGCACTCGATGACTTTGACTTGGAGATGTTTGGCTCCGCCGATGCCCTGGATGATTTCGACCTCGAAATGTTTGGGATTAATAGTAGGGGT,VRSGGSGSEASGSGRADALDDFDLEMFGSADALDDFDLEMFGSADALDDFDLEMFGSADALDDFDLEMFGINSRG
A06,GTACGGTCGGGTGGCTCTGGATCAAGACGAAGAAGTACCGTGCCTCGGACGGATGTCTCCTTGGGTGACGAGTTGTGTCTGGACGCTTCCCCAAGCATGACTCCGAGCGAAGCGTTGGACGATTTTGATTTGACTCTCTTGGGCGACGACGATCATGCCGGTACACTGGATGCAGCGGCATACGCATCTCTTGACATGGCAGATTTCGAGTTTGAACAAATGTTCACGGATGCGTTGGGAATCGATGAGTTCGGAGGTGGT,VRSGGSGSRRRSTVPRTDVSLGDELCLDASPSMTPSEALDDFDLTLLGDDDHAGTLDAAAYASLDMADFEFEQMFTDALGIDEFGGG
A07,GTACGGTCGGGTGGCTCTGGATCAGGAGTAGCTCCGCGGGAGCAACCTAACACTAGTAGCGGGGACGCTATGGCACTCATGCCTGGTCCGTGCGGACCATTCAATATGGATCCTCCCGGATGTCTGCTCGAACGGGTTCCCGGTTCTGAGCCGGGCACAAGCGAGATGGCTTTGGCCATGTCCGGAGGCCCTTTTTGGGAGCAGGTTTACCGGGATTCCATTTCAGGACCGCCAACTGGCCCTTCTGAAAACGGT,VRSGGSGSGVAPREQPNTSSGDAMALMPGPCGPFNMDPPGCLLERVPGSEPGTSEMALAMSGGPFWEQVYRDSISGPPTGPSENG
A08,GTACGGTCGGGTGGCTCTGGATCACCTGTTATTTTCCCGCATGAAACTCAAGGTTTGCTGGCCCCGCCTGCCGGTCAAAGCCAAACGCCCTTTTCCCCTGAAGGACCGGTTCCTTCCCATGTGTCTGGACTCGATGACTGTTTGCCCATGGTCGATCATATAGAGGGATGTCTGTTGGATCTTCTTTCTGACGTAGGCCAAGAACTGCCGGATCTGGGGGATCTTGGTGAACTTCTCTGTGAAACTGCGAGCCCGCAGGGTCCTATGCAGAGTGAAGGTGGTGAAGAGGGCAGTACAGAATCTGTTTCTGTGTTGCCTGCCACTCACCCATTGGAATCAAGTGGT,VRSGGSGSPVIFPHETQGLLAPPAGQSQTPFSPEGPVPSHVSGLDDCLPMVDHIEGCLLDLLSDVGQELPDLGDLGELLCETASPQGPMQSEGGEEGSTESVSVLPATHPLESSG
A09,GTACGGTCGGGTGGCTCTGGATCAGTAGAGGAGGATTACGAGCCACCACCTCCCCCTCGGATAAGCTTGACCCCAAGTGGTGGTACTACTGCTGCCGCGCTTGCTCCGTCAGGTATAGCTGAGGCCCCGGAAGCTGCGGCGACTGAGGCGCCTCCTATGGATGATGAGGATCTTGACTTCGATATGGAATTCGATGCCGATTCTGATCTTGGTGATGAGGCGATGCGAGCCATAGATGATTTCGACTTGGCACTGCTTGGGCCGCGAACCGACTCAAATCTCGGGGGCCCTTTGAGTGCCCTGAGGCGCGACGATCTTGCCCGCTATGCCGCCCGAGGATTTGAGATGTTGGATGCCGCGGATCTTGAATTTGAACAGATGTTCAGCGAATCATTGCAGGCTGATGCAGGT,VRSGGSGSVEEDYEPPPPPRISLTPSGGTTAAALAPSGIAEAPEAAATEAPPMDDEDLDFDMEFDADSDLGDEAMRAIDDFDLALLGPRTDSNLGGPLSALRRDDLARYAARGFEMLDAADLEFEQMFSESLQADAG
A10,GTACGGTCGGGTGGCTCTGGATCAGAAGAATTGGCTGGAAAAATAGAATTTGAAAACGAATTGAACCACATGTGTGGTCATTGCCAAGATTCACCCTTCAAAGAGGAAGCCTGGGCCCTGCTCATGGACAAGAGCCCTCAGAAGGCCACAGATGCTGACCCTGGCAGCCTCAAACAGGCTTTTGATGATCATAATATTGTTGAGACTGTTCTGGACTTGGAAGAGGACTACAATGTGATGACGTCTTTTAAATACCAAATTGAGGGT,VRSGGSGSEELAGKIEFENELNHMCGHCQDSPFKEEAWALLMDKSPQKATDADPGSLKQAFDDHNIVETVLDLEEDYNVMTSFKYQIEG
A11,GTACGGTCGGGTGGCTCTGGATCAATGTCAAGCCCCGGAAGACTGGAGTTGGCAACACTCGATTTGTATGATCTCATAGAATCTGCAGACTTGGGGCCGACCGGGGGGAGTGAAGAGGATCCTGCCCTGCTCGACGCGGCTAGAAGAGCTGAAGCGCGCGAAAGGCGGCGAGCGGCTCGAGCGGAGCTTGCAGAACTCTGGAGGATGGTCGGCGGGGAGGATGCGGAATCTTCTGAGGATGATGGGGCTGGCGATGCAGGTGCGACTGAGGGTGCCGAGGCCGAAGACGCTGAGATTGGCGAAGACGCAGGTGCTGGTGACGCGGGCGGTGCGGAGGACGCGGACGTGGCGGAATGCGCTGAAGCCGAAGGGGCAGAGGGAGCTGAAGATGCTGACAGCGCTTGGGCAGCCGCACGAGCACTGGGT,VRSGGSGSMSSPGRLELATLDLYDLIESADLGPTGGSEEDPALLDAARRAEARERRRAARAELAELWRMVGGEDAESSEDDGAGDAGATEGAEAEDAEIGEDAGAGDAGGAEDADVAECAEAEGAEGAEDADSAWAAARALG
A12,GTACGGTCGGGTGGCTCTGGATCATGTGTGACCCTCCTCCAGGTAACATGTGCCCCATCTTCTACGCCCCCACCTGATTCCACGGTGCGGGCTCCTGTTGTGCAACTGCCAACTGTAGTCCCGCTGCCCGCAAGCGCATTTCTCCCGGCTCTGGCACAACCAGAAGCAAGTGGCGAAGAGCTTCCTGGAGGCCATGATGGGGACCAGGGTGTACCCTGCAGGGATTCTACGGCGGCAGCGACTGCCGCGGAAGCTACGACTCCGAAGAGGAAGCAGCGATCTAAAGAACGGAGTTCAAAGAAACGCAAGGCCTTGACGGTCCCTGAGGCCGATACCACTCCGTCAACTACAACGCCAGGTACCAGTTTGGGGTCTATCACAACGCCACAAGATGTGCACGCCACCGATGTAGCAACGTCTGAAGGCCCGTCCGAAGCCCAACCCCCACTTCTGTCACTCCCACCTCCGCTGGACGTTGACCAATCTCTTTTCGCCCTTCTTGACGAAGCAGGTCCAGAAACCTGGGATGTGGGAAGCCCATTGAGCCCCACTGATGACGCTCTCCTTAGCAGTATTCTGCAAGGCCTGTACCAACTGGATACCCCTCCTCCCCTGCGGAGTCCTTCCCCAGCGAGTTTCGGCCCGGAGTCTCCCGCTGACATTCCTTCACCGAGTGGAGGGGAGTACACACAGCTCCAGCCAGTCAGAGCGACGTCAGCTACACCCGCCAACGAGGTGCAGGAGTCAGGGACTCTCTACCAGCTGCATCAATGGAGGAATTATTTTAGGGATGGT,VRSGGSGSCVTLLQVTCAPSSTPPPDSTVRAPVVQLPTVVPLPASAFLPALAQPEASGEELPGGHDGDQGVPCRDSTAAATAAEATTPKRKQRSKERSSKKRKALTVPEADTTPSTTTPGTSLGSITTPQDVHATDVATSEGPSEAQPPLLSLPPPLDVDQSLFALLDEAGPETWDVGSPLSPTDDALLSSILQGLYQLDTPPPLRSPSPASFGPESPADIPSPSGGEYTQLQPVRATSATPANEVQESGTLYQLHQWRNYFRDG
A13,GTACGGTCGGGTGGCTCTGGATCACCTGGGGACACAGGGGAGCCTGAGGGACAACGGGAAAAGGGCAAAGTGGAGCAGCCGCAGGAAGAGGACGGGATAACCTCAGACCCGGGCCTCCTGAGCTACATTGACAAGCTGTGTTCCCAGGAAGACTTTGTCACCAAGGTGGAGGCCGTCATTCACCCCCGATTCCTGGAAGAATTGCTTTCCCCAGATCCACAGATGGATTTCTTGGCCCTAAGCCAGGAGCTGGAGCAGGAGGAAGGACTCACCCTTGCCCAGCTAGTGGAGAAGCGCGGT,VRSGGSGSPGDTGEPEGQREKGKVEQPQEEDGITSDPGLLSYIDKLCSQEDFVTKVEAVIHPRFLEELLSPDPQMDFLALSQELEQEEGLTLAQLVEKRG
A14,GTACGGTCGGGTGGCTCTGGATCACCAAAACCACGGCGAGAGGATAGCCCTGCCGGTGCCCCTTGGCCCCGGCTGAAGCCTAAAGCGTTGGCAGCAGCTAGGCGGCAAGGTTCTGTAAAACCAAGTGCCGCATCACACAGGCCCCCACTTCCCCGAGCGGCGGACACTCCTGGTACTGCCCCCGCTCCAACGCCCACGCCCGCACCAGCTGCCGCGCCTGCTTTGACTCCATCATCAGGCCCGGGCAGCGCCGCACTTACTTTGGAGGAGGAGCTGCAAGAAGCTATCAGGAGGGCACAACTTCTTCCTAACCGCGGAATTGATGACATTCTTGAAGACCAGGTGGAGCCTGACGACCCCCTCCCACCTATACCGCTTGATTTTCCGGGATCCTTCGACGTGCTCAGCCCGAGTCCTGACTCTGAGGGCCTTAGCTCAGTGTTTTCATCCAGTCTTCCGTCCCCTACAAACTCATCCTCACCATCACCAAGAGACCCAACTGACAGCCTGGACTGGCTGGAGGCACTCTCCGGAGGGCCCCCGCTGGGCTCAGGACCTCCACCACCAAGTATTTTCTCTGCAGATCTTTCCGACTCTTCTAGCAGCCGGTTGTGGGACCTTTTGGAAGACCCGTGGGGT,VRSGGSGSPKPRREDSPAGAPWPRLKPKALAAARRQGSVKPSAASHRPPLPRAADTPGTAPAPTPTPAPAAAPALTPSSGPGSAALTLEEELQEAIRRAQLLPNRGIDDILEDQVEPDDPLPPIPLDFPGSFDVLSPSPDSEGLSSVFSSSLPSPTNSSSPSPRDPTDSLDWLEALSGGPPLGSGPPPPSIFSADLSDSSSSRLWDLLEDPWG
A15,GTACGGTCGGGTGGCTCTGGATCAAGCAGCCCGCCACCGCCAGCTCCTCCCGCGCCGTTGGATCTCTATGCGTTGATCGAATCTGCAGATCTCGCACCTGCAGCCGCACCACCTGCCGCAGAGCCGCCGGCCGCGGCTCGCGAGCGAAGGCGGGCAGCTAGGGCAGAATTGGCCGCTTTGTGGCGGATGGTTGGGGGAGAGGCCGCAGAACGCGCGGCAGCTGAGGAGGAAGAAGACGAGGACGAGGATGAGGACGAAGAGGAAGAGGACGAAGCAGCGGCAGAGGAAAACGGAGGACCTGAGGAAGAAGACGAAGATGAGGAAGCCGCAGCCGCGGAAGACAGCGGCCGAGAGGAGGAAGAGGCTGCCGCCGGTGACGGTGGTAGGGGCGAAGAGGCCGCAGCCGAAGATTCAGGGCGGGAAGACGAAGCTGCCGCCCCAGCAGGT,VRSGGSGSSSPPPPAPPAPLDLYALIESADLAPAAAPPAAEPPAAARERRRAARAELAALWRMVGGEAAERAAAEEEEDEDEDEDEEEEDEAAAEENGGPEEEDEDEEAAAAEDSGREEEEAAAGDGGRGEEAAAEDSGREDEAAAPAG
A16,GTACGGTCGGGTGGCTCTGGATCAATGCGCATGCTCCCTGACTTCTTTACTGGGAATTGGGATGACATGTTCCAGGGCTTGCTGGAAGCGGAGCATCCGTTTGATTTCCCGGAGCCGTCTCAAGCTTTCGAGGAGATCTCCCTGCACAATCTTTTCGATGTGGAGTTGGATCAGTCTGAAGGGGATCCAAATGAGGAGGCTGTTGACGGCATGTTCCCAAACTGGATGCTGTCCGAGGACCATTCTGCGGACAGCGGAGCCGCGTCAGGCGACTCAGGTGTGGGT,VRSGGSGSMRMLPDFFTGNWDDMFQGLLEAEHPFDFPEPSQAFEEISLHNLFDVELDQSEGDPNEEAVDGMFPNWMLSEDHSADSGAASGDSGVG
A17,GTACGGTCGGGTGGCTCTGGATCACCTCAACAGGCTCCACCACCCCCGTCCTTGGTCCCTTTGGAGGCAACTGATAGCCTTTTGGAATTGCCTCATCCGCTCCTTCAGCAGACTGAGGATCAGTTCTTGTCTCCTACTCTGGCATGCTCTAGTCCCCTCATCTCTTTCTCCCCATCCCTCGACCAAGATGATTATCTCTGGGGCTTGGAGGCGGGGGAGGGGATCTCCGATCTGTTCGATAGTTACGACCTGGGTGACCTCCTTATAAATGGT,VRSGGSGSPQQAPPPPSLVPLEATDSLLELPHPLLQQTEDQFLSPTLACSSPLISFSPSLDQDDYLWGLEAGEGISDLFDSYDLGDLLING
A18,GTACGGTCGGGTGGCTCTGGATCAACAGACTTTATTGACGAAGAAGTACTGATGTCTCTGGTCATTGAAATGGGTTTGGATCGGATTAAGGAGCTCCCTGAGCTTTGGCTTGGGCAGAACGAATTCGACTTCATGACCGACGGCGGGGGGGGGAGTACCGACTTTATCGACGAGGAGGTTCTGATGTCACTGGTTATCGAGATGGGTTTGGATAGGATCAAGGAGCTGCCGGAACTCTGGCTGGGACAAAATGAATTTGACTTCATGACTGATGGGGGCGGGGGCTCAACTGACTTTATCGATGAAGAGGTATTGATGTCTCTTGTAATTGAGATGGGTTTGGACCGCATTAAGGAGCTGCCCGAGCTCTGGTTGGGACAGAATGAGTTTGATTTTATGACAGACGGGGGTGGTGGTTCCACCGACTTCATAGATGAGGAAGTTCTCATGTCCTTGGTAATTGAGATGGGACTGGACAGGATCAAAGAACTGCCCGAATTGTGGTTGGGGCAAAACGAGTTCGACTTTATGACAGATGGAGGGGGGGGATCAGGT,VRSGGSGSTDFIDEEVLMSLVIEMGLDRIKELPELWLGQNEFDFMTDGGGGSTDFIDEEVLMSLVIEMGLDRIKELPELWLGQNEFDFMTDGGGGSTDFIDEEVLMSLVIEMGLDRIKELPELWLGQNEFDFMTDGGGGSTDFIDEEVLMSLVIEMGLDRIKELPELWLGQNEFDFMTDGGGGSG
A19,GTACGGTCGGGTGGCTCTGGATCAGAGGCCAGCGGTTCCGGACGGGCTGACGCATTGGACGATTTTGATCTGGATATGCTGGGAAGTGACGCCCTCGATGATTTTGACCTTGACATGCTTGGTTCGGATGCCCTTGATGACTTTGACCTCGACATGCTCGGCAGTGACGCCCTTGATGATTTCGACCTGGACATGCTGATTAACTCTAGAGGT,VRSGGSGSEASGSGRADALDDFDLDMLGSDALDDFDLDMLGSDALDDFDLDMLGSDALDDFDLDMLINSRG
A20,GTACGGTCGGGTGGCTCTGGATCAAGCCAGTACCTGCCCGACACCGACGACCGGCACCGGATCGAGGAAAAGCGGAAGCGGACCTACGAGACATTCAAGAGCATCATGAAGAAGTCCCCCTTCAGCGGCCCCACCGACCCTAGACCTCCACCTAGAAGAATCGCCGTGCCCAGCAGATCCAGCGCCAGCGTGCCAAAACCTGCCCCCCAGCCTTACCCCTTCACCAGCAGCCTGAGCACCATCAACTACGACGAGTTCCCTACCATGGTGTTCCCCAGCGGCCAGATCTCTCAGGCCTCTGCTCTGGCTCCAGCCCCTCCTCAGGTGCTGCCTCAGGCTCCTGCTCCTGCACCAGCTCCAGCCATGGTGTCTGCACTGGCTCAGGCACCAGCACCCGTGCCTGTGCTGGCTCCTGGACCTCCACAGGCTGTGGCTCCACCAGCCCCTAAACCTACACAGGCCGGCGAGGGCACACTGTCTGAAGCTCTGCTGCAGCTGCAGTTCGACGACGAGGATCTGGGAGCCCTGCTGGGAAACAGCACCGATCCTGCCGTGTTCACCGACCTGGCCAGCGTGGACAACAGCGAGTTCCAGCAGCTGCTGAACCAGGGCATCCCTGTGGCCCCTCACACCACCGAGCCCATGCTGATGGAATACCCCGAGGCCATCACCCGGCTCGTGACAGGCGCTCAGAGGCCTCCTGATCCAGCTCCTGCCCCTCTGGGAGCACCAGGCCTGCCTAATGGACTGCTGTCTGGCGACGAGGACTTCAGCTCTATCGCCGATATGGATTTCTCAGCCTTGCTGGGT,VRSGGSGSSQYLPDTDDRHRIEEKRKRTYETFKSIMKKSPFSGPTDPRPPPRRIAVPSRSSASVPKPAPQPYPFTSSLSTINYDEFPTMVFPSGQISQASALAPAPPQVLPQAPAPAPAPAMVSALAQAPAPVPVLAPGPPQAVAPPAPKPTQAGEGTLSEALLQLQFDDEDLGALLGNSTDPAVFTDLASVDNSEFQQLLNQGIPVAPHTTEPMLMEYPEAITRLVTGAQRPPDPAPAPLGAPGLPNGLLSGDEDFSSIADMDFSALLG
A21,GTACGGTCGGGTGGCTCTGGATCACGGGATTCCAGGGAAGGGATGTTTTTGCCGAAGCCTGAGGCCGGCTCCGCTATTAGTGACGTGTTTGAGGGCCGCGAGGTGTGCCAGCCAAAACGAATCCGGCCATTTCATCCTCCAGGAAGTCCATGGGCCAACCGCCCACTCCCCGCCAGCCTCGCACCAACACCAACCGGTCCAGTACATGAGCCAGTCGGGTCACTGACCCCGGCACCAGTCCCTCAGCCACTGGATCCAGCGCCCGCAGTGACTCCCGAGGCCAGTCACCTGTTGGAGGATCCCGATGAAGAGACGAGCCAGGCTGTCAAAGCCCTTCGGGAGATGGCCGATACTGTGATTCCCCAGAAGGAAGAGGCTGCAATCTGTGGCCAAATGGACCTTTCCCATCCGCCCCCAAGGGGCCATCTGGATGAGCTGACAACCACACTTGAGTCCATGACCGAGGATCTGAACCTGGACTCACCCCTGACCCCGGAATTGAACGAGATTCTGGATACCTTCCTGAACGACGAGTGCCTCTTGCATGCCATGCATATCAGCACAGGACTGTCCATCTTCGACACATCTCTGTTTGGT,VRSGGSGSRDSREGMFLPKPEAGSAISDVFEGREVCQPKRIRPFHPPGSPWANRPLPASLAPTPTGPVHEPVGSLTPAPVPQPLDPAPAVTPEASHLLEDPDEETSQAVKALREMADTVIPQKEEAAICGQMDLSHPPPRGHLDELTTTLESMTEDLNLDSPLTPELNEILDTFLNDECLLHAMHISTGLSIFDTSLFG
A22,GTACGGTCGGGTGGCTCTGGATCAGGCTTCAGCGTGGACACCAGTGCCCTGCTGGACCTGTTCAGCCCCTCGGTGACCGTGCCCGACATGAGCCTGCCTGACCTTGACAGCAGCCTGGCCAGTATCCAAGAGCTCCTGTCTCCCCAGGAGCCCCCCAGGCCTCCCGAGGCAGAGAACAGCAGCCCGGATTCAGGGAAGCAGCTGGTGCACTACACAGCGCAGCCGCTGTTCCTGCTGGACCCCGGCTCCGTGGACACCGGGAGCAACGACCTGCCGGTGCTGTTTGAGCTGGGAGAGGGCTCCTACTTCTCCGAAGGGGACGGCTTCGCCGAGGACCCCACCATCTCCCTGCTGACAGGCTCGGAGCCTCCCAAAGCCAAGGACCCCACTGTCTCCGGT,VRSGGSGSGFSVDTSALLDLFSPSVTVPDMSLPDLDSSLASIQELLSPQEPPRPPEAENSSPDSGKQLVHYTAQPLFLLDPGSVDTGSNDLPVLFELGEGSYFSEGDGFAEDPTISLLTGSEPPKAKDPTVSG
A23,GTACGGTCGGGTGGCTCTGGATCATACAAACTGATCCTGAACGGTAAAACCCTGAAAGGTGAAACCACCACCGAAGCTGTTGACGCTGCTACCGCGGAAAAAGTTTTCAAACAGTACGCTAACGACAACGGTGTTGACGGTGAATGGACCTACGACGACGCTACCAAAACCTTCACCGTTACCGAAGGT,VRSGGSGSYKLILNGKTLKGETTTEAVDAATAEKVFKQYANDNGVDGEWTYDDATKTFTVTEG
A24,GTACGGTCGGGTGGCTCTGGATCAATGAAAATCGAAGAAGGTAAACTGGTAATCTGGATTAACGGCGATAAAGGCTATAACGGTCTCGCTGAAGTCGGTAAGAAATTCGAGAAAGATACCGGAATTAAAGTCACCGTTGAGCATCCGGATAAACTGGAAGAGAAATTCCCACAGGTTGCGGCAACTGGCGATGGCCCTGACATTATCTTCTGGGCACACGACCGCTTTGGTGGCTACGCTCAATCTGGCCTGTTGGCTGAAATCACCCCGGACAAAGCGTTCCAGGACAAGCTGTATCCGTTTACCTGGGATGCCGTACGTTACAACGGCAAGCTGATTGCTTACCCGATCGCTGTTGAAGCGTTATCGCTGATTTATAACAAAGATCTGCTGCCGAACCCGCCAAAAACCTGGGAAGAGATCCCGGCGCTGGATAAAGAACTGAAAGCGAAAGGTAAGAGCGCGCTGATGTTCAACCTGCAAGAACCGTACTTCACCTGGCCGCTGATTGCTGCTGACGGGGGTTATGCGTTCAAGTATGAAAACGGCAAGTACGACATTAAAGACGTGGGCGTGGATAACGCTGGCGCGAAAGCGGGTCTGACCTTCCTGGTTGACCTGATTAAAAACAAACACATGAATGCAGACACCGATTACTCCATCGCAGAAGCTGCCTTTAATAAAGGCGAAACAGCGATGACCATCAACGGCCCGTGGGCATGGTCCAACATCGACACCAGCAAAGTGAATTATGGTGTAACGGTACTGCCGACCTTCAAGGGTCAACCATCCAAACCGTTCGTTGGCGTGCTGAGCGCAGGTATTAACGCCGCCAGTCCGAACAAAGAGCTGGCAAAAGAGTTCCTCGAAAACTATCTGCTGACTGATGAAGGTCTGGAAGCGGTTAATAAAGACAAACCGCTGGGTGCCGTAGCGCTGAAGTCTTACGAGGAAGAGTTGGCGAAAGATCCACGTATTGCCGCCACCATGGAAAACGCCCAGAAAGGTGAAATCATGCCGAACATCCCGCAGATGTCCGCTTTCTGGTATGCCGTGCGTACTGCGGTGATCAACGCCGCCAGCGGTCGTCAGACTGTCGATGAAGCCCTGAAAGACGCGCAGACTGGT,VRSGGSGSMKIEEGKLVIWINGDKGYNGLAEVGKKFEKDTGIKVTVEHPDKLEEKFPQVAATGDGPDIIFWAHDRFGGYAQSGLLAEITPDKAFQDKLYPFTWDAVRYNGKLIAYPIAVEALSLIYNKDLLPNPPKTWEEIPALDKELKAKGKSALMFNLQEPYFTWPLIAADGGYAFKYENGKYDIKDVGVDNAGAKAGLTFLVDLIKNKHMNADTDYSIAEAAFNKGETAMTINGPWAWSNIDTSKVNYGVTVLPTFKGQPSKPFVGVLSAGINAASPNKELAKEFLENYLLTDEGLEAVNKDKPLGAVALKSYEEELAKDPRIAATMENAQKGEIMPNIPQMSAFWYAVRTAVINAASGRQTVDEALKDAQTG
A25,GTACGGTCGGGTGGCTCTGGATCAATGAGCGATAAAATTATTCACCTGACTGACGACAGTTTTGACACGGATGTACTCAAAGCGGACGGGGCGATCCTCGTCGATTTCTGGGCAGAGTGGTGCGGTCCGTGCAAAATGATCGCCCCGATTCTGGATGAAATCGCTGACGAATATCAGGGCAAACTGACCGTTGCAAAACTGAACATCGATCAAAACCCTGGCACTGCGCCGAAATATGGCATCCGTGGTATCCCGACTCTGCTGCTGTTCAAAAACGGTGAAGTGGCGGCAACCAAAGTGGGTGCACTGTCTAAAGGTCAGTTGAAAGAGTTCCTCGACGCTAACCTGGCCGGT,VRSGGSGSMSDKIIHLTDDSFDTDVLKADGAILVDFWAEWCGPCKMIAPILDEIADEYQGKLTVAKLNIDQNPGTAPKYGIRGIPTLLLFKNGEVAATKVGALSKGQLKEFLDANLAG
